Nombre|Apellido|Email|Direccion|Ciudad|CP|Region|Pais
|Harrison|Griffin|sed.dictum@famesac.org|4076 Rutrum Avenida|San Pedro|I51 3QU|SJ|Mauritius
|Brendan|Delgado|Aliquam@ultriciesadipiscingenim.edu|846-9369 Pede. Avda.|Cartago|816125|Cartago|Lithuania
|Ishmael|Hale|aliquet.magna.a@nulla.co.uk|8884 Enim Av.|Ulloa (Barrial)|6152|H|Colombia
|Palmer|Ayers|luctus.Curabitur@aliquetliberoInteger.net|Apdo.:906-4879 Volutpat. Ctra.|Guápiles|673721|Limón|Virgin Islands, United States
|Cameron|Slater|penatibus.et@eu.ca|Apdo.:307-9347 Ridiculus C/|Nicoya|685467|Guanacaste|Yemen
|Malik|Rhodes|odio.Nam@idmollisnec.ca|Apdo.:836-3749 Eu Avenida|Nicoya|76030|Guanacaste|Svalbard and Jan Mayen Islands
|Leo|Chapman|consequat@Nunccommodoauctor.org|Apartado núm.: 318, 504 Mattis Avda.|Aguacaliente (San Francisco)|7821|C|Lithuania
|Craig|Hayden|Curabitur@Vivamus.net|Apartado núm.: 442, 4548 Ornare Calle|Puntarenas|1686|P|Montenegro
|Sean|Adams|lectus.Nullam.suscipit@ridiculus.org|Apdo.:670-4604 Magnis |Turrialba|77-348|C|French Guiana
|Dane|Colon|amet.risus.Donec@aliquetProin.edu|665-527 Sed C.|Curridabat|92981|SJ|Australia
|Vladimir|Graham|nisi@congueInscelerisque.net|438-7201 Ante Av.|Guápiles|93447|Limón|Northern Mariana Islands
|Noble|Marsh|vitae.velit@Proinultrices.net|8451 Pharetra, C.|Barranca|50810|Puntarenas|Dominican Republic
|Norman|Long|lacus@maurissapien.com|Apdo.:360-9531 Elit Avenida|Mercedes|166937|Heredia|Saint Pierre and Miquelon
|Martin|Reese|libero@Sed.net|Apdo.:306-6263 Egestas Calle|Guápiles|89319|Limón|Latvia
|Reece|Haney|mi.Aliquam.gravida@Proinvel.ca|Apartado núm.: 270, 1141 Ornare, |Guápiles|7131|Limón|Equatorial Guinea
|Lester|Foley|suscipit.est@egestasurna.edu|Apartado núm.: 270, 2740 Luctus, |Puntarenas|1214|Puntarenas|Niger
|Salvador|Gross|semper@mattissemperdui.edu|478-3696 Dui, Calle|San Isidro|320260|SJ|Niue
|Brett|Ashley|vehicula@cursusa.com|994-5764 Ad Avda.|San José de Alajuela|55-577|Alajuela|Norfolk Island
|Rooney|Chapman|dui@dolorsit.org|Apartado núm.: 624, 5775 Elit, |Guápiles|L45 2MG|L|Portugal
|Merrill|Koch|ipsum.porta@molestietortor.net|Apdo.:387-4604 Suspendisse Avda.|Cañas|51809|G|French Polynesia
|Aristotle|Houston|massa@sitamet.ca|529-8435 Fringilla Av.|San Rafael Abajo|82582-240|San José|Estonia
|Drake|Gould|augue@hendrerit.co.uk|868-5598 Parturient Avda.|San Rafael|632293|A|Congo, the Democratic Republic of the
|Martin|Hatfield|eget@rutrumurna.net|Apdo.:203-7377 Nisi C.|Turrialba|77814|C|Saint Helena, Ascension and Tristan da Cunha
|Linus|Norris|magna@cursuseteros.net|Apartado núm.: 514, 2333 At Avenida|San Pablo|43658-920|Heredia|Chile
|Avram|Summers|in.consectetuer.ipsum@amet.com|614-3476 Enim. Calle|Ulloa (Barrial)|604287|Heredia|South Georgia and The South Sandwich Islands
|Basil|Bowen|ultrices.iaculis.odio@pedeCrasvulputate.ca|8838 Tincidunt Calle|Guápiles|9497|L|South Sudan
|Lane|Boone|commodo@felisDonec.com|Apdo.:448-7907 At, |Heredia|735327|Heredia|Somalia
|Jeremy|Butler|semper.erat.in@rhoncusidmollis.ca|Apartado núm.: 878, 6787 Natoque C.|Barranca|60759|Puntarenas|Denmark
|Caleb|James|non.egestas.a@Proineget.org|544 Vitae Ctra.|San Rafael|58175|Alajuela|Saudi Arabia
|Kasimir|Huff|sed.tortor.Integer@egetmetusIn.ca|873-4738 Vel Calle|Carmen|235123|Cartago|Åland Islands
|Jamal|Houston|eget.varius@in.co.uk|Apdo.:667-9779 Orci Avenida|San Juan (San Juan de Tibás)|EW0 5ME|San José|Bangladesh
|Brennan|Wheeler|a.tortor.Nunc@doloregestas.edu|Apartado núm.: 476, 5694 Sapien, |Ulloa (Barrial)|24551|H|Moldova
|Abdul|Stanton|nibh.dolor@a.org|Apdo.:529-1657 Augue Carretera|San José de Alajuela|9985|A|Kazakhstan
|Gavin|Mcdonald|Nunc@vitaeposuere.net|Apartado núm.: 660, 6611 Ut C.|Nicoya|1677|Guanacaste|New Caledonia
|Ulric|Dillon|rutrum.magna@quis.co.uk|748 Tempus Avenida|Puntarenas|6570|P|Thailand
|Boris|Mendez|ante@bibendumsedest.co.uk|Apdo.:517-575 Egestas |Paraíso|9148|C|Oman
|Cruz|Cooper|odio.sagittis.semper@neque.ca|Apartado núm.: 409, 714 Ornare, Avenida|Nicoya|37457|G|Azerbaijan
|Lane|Brock|id.ante@tristiquesenectuset.com|102-4218 Diam. Carretera|Cañas|32781|Guanacaste|Algeria
|Ralph|Mcfadden|egestas.Aliquam@Phaselluselitpede.ca|Apdo.:500-6315 Molestie Calle|San Miguel|10705|SJ|Saint Kitts and Nevis
|Colby|Lester|justo.faucibus@pharetraNamac.net|5657 Neque. Calle|Guápiles|126988|L|Gibraltar
|Elijah|Huff|sem@quis.edu|Apdo.:307-8294 Iaculis Calle|Carmen|99603|C|France
|Owen|Rutledge|pharetra.sed@molestiearcu.org|Apartado núm.: 634, 3850 Sapien Avda.|San Nicolás|368037|Cartago|Guam
|Justin|Bauer|odio@Duisrisus.net|1238 Tincidunt Avenida|Barranca|M1T 6K9|P|Germany
|Simon|Norman|bibendum@SeddictumProin.org|Apartado núm.: 527, 1244 Metus. Calle|Barranca|49-228|P|Marshall Islands
|Zeus|Bowman|Cras.eu@nulla.co.uk|Apdo.:128-5205 Ridiculus Avenida|San Juan de Dios|10214|SJ|Christmas Island
|Salvador|Daniels|id.risus@velmaurisInteger.ca|Apdo.:995-7600 Netus C/|Alajuela|459513|A|Swaziland
|Clinton|Morrow|nisl.arcu.iaculis@urna.co.uk|Apartado núm.: 278, 7032 Nunc Ctra.|Mercedes|763043|H|Bahamas
|Nolan|Gonzales|et.magnis.dis@egestasAliquam.ca|782-6489 Integer Avda.|Siquirres|102966|L|Qatar
|Dorian|Merritt|semper.tellus@Aliquam.co.uk|1732 Porttitor Calle|San Miguel|262043|San José|France
|Quentin|Knight|ultrices.Vivamus.rhoncus@mus.ca|Apartado núm.: 706, 5179 Quis |Aguacaliente (San Francisco)|L4R 7L8|C|Samoa
|Lars|Kane|eget.laoreet@CraspellentesqueSed.edu|2216 Ante. C/|San Diego|238359|C|Korea, North
|Damon|Russell|a.auctor@vitaepurus.org|639-9775 Erat, Avenida|Puntarenas|1687|P|Gambia
|Micah|Gross|orci@Duis.co.uk|Apartado núm.: 364, 2414 Non Avenida|Turrialba|16316|Cartago|Maldives
|Ezra|Bean|In.ornare@maurisaliquam.edu|5824 Mi Avenida|Liberia|4841SN|G|Kenya
|Hamilton|Spence|sit.amet.massa@loremtristiquealiquet.co.uk|Apartado núm.: 269, 1479 Et C/|Purral|6695|San José|South Sudan
|Ferdinand|Flores|at.augue@Aeneaneuismodmauris.net|Apartado núm.: 256, 8849 Scelerisque Calle|San Francisco|77500|Heredia|Yemen
|Preston|Goff|aliquet@libero.co.uk|Apdo.:833-9057 Molestie Carretera|Guápiles|9494|L|Gibraltar
|Dillon|Carr|turpis.nec.mauris@pharetrased.com|9494 Dictum Calle|San Rafael|17630|San José|Cayman Islands
|John|Rosa|molestie@Duisac.co.uk|3759 Nec, Carretera|Turrialba|17170-101|Cartago|Finland
|Micah|Burris|enim.Etiam@etrutrum.net|6169 Ipsum. Carretera|Alajuela|56-950|Alajuela|Seychelles
|Laith|Sullivan|erat.Sed@tortor.com|129-5515 Volutpat. |Quesada|85528|Alajuela|Kuwait
|Perry|Hamilton|et.risus@suscipitnonummyFusce.co.uk|Apartado núm.: 484, 5350 Etiam Av.|Puntarenas|10739|Puntarenas|San Marino
|Arden|Henry|nascetur.ridiculus.mus@aliquetvel.org|1449 Mi Ctra.|Guadalupe|15075-915|San José|France
|Demetrius|Bowen|in.hendrerit.consectetuer@urnasuscipitnonummy.co.uk|4205 Amet Av.|San Rafael|39680-471|A|Mexico
|Barrett|Beck|Mauris@nisi.co.uk|655-3197 Etiam Carretera|Nicoya|26768|G|Vanuatu
|Herman|Curry|tincidunt@urna.org|Apartado núm.: 505, 3347 Magna. |Turrialba|19364|Cartago|French Southern Territories
|Zeph|Hood|ut.sem.Nulla@egetnisi.edu|Apdo.:380-4432 Quam C.|Curridabat|72666-466|SJ|Cyprus
|Reuben|Tate|Duis@eratEtiamvestibulum.edu|9107 Dolor Avda.|San Antonio|13684|San José|Tajikistan
|Tad|Glover|tellus.eu.augue@malesuada.net|Apartado núm.: 254, 1758 At, Av.|San Pablo|J0C 4X8|H|Rwanda
|Byron|Dorsey|orci.quis.lectus@PraesentluctusCurabitur.edu|Apartado núm.: 161, 1792 Est. C.|San Diego|44638|C|Bosnia and Herzegovina
|Kenneth|Snider|Sed@ad.co.uk|Apartado núm.: 741, 8387 Vehicula Calle|Patalillo|22-340|San José|British Indian Ocean Territory
|Malik|Cross|metus@massaSuspendisseeleifend.org|504-4328 Magnis C/|Quesada|96439|A|Bhutan
|Stuart|Galloway|urna.Nunc.quis@elitelit.edu|Apartado núm.: 667, 3294 Et, Avda.|San José de Alajuela|87327|A|France
|Cyrus|Paul|Sed.auctor.odio@erosProinultrices.edu|Apdo.:792-5199 Proin Avenida|Guápiles|50110|L|Marshall Islands
|Lewis|Shaffer|Etiam.gravida.molestie@erat.edu|Apartado núm.: 436, 9672 Velit Av.|Alajuela|12344|A|Korea, North
|Rooney|Webb|dapibus.ligula.Aliquam@nequevenenatislacus.co.uk|Apdo.:680-5634 Ipsum C.|Limón (Puerto Limón)|IF8I 5UG|Limón|Jersey
|Otto|Lambert|eleifend@Curabiturutodio.edu|5020 Ante Av.|Quesada|69-298|A|Isle of Man
|Martin|Glass|ultricies.adipiscing.enim@cursusinhendrerit.ca|Apdo.:775-5131 Morbi C.|Purral|87503|San José|Faroe Islands
|Wang|Harrell|parturient.montes@dolorelit.net|6912 Ut C.|Barranca|9533|P|Egypt
|Vernon|Davenport|Aliquam.auctor.velit@ametnullaDonec.co.uk|Apdo.:919-1524 Nec Calle|Tejar|03000|C|Guam
|Theodore|Burton|cursus.Nunc@temporarcu.edu|1824 Vel C.|Liberia|90821-617|Guanacaste|Central African Republic
|Callum|Miranda|ultrices.sit.amet@vel.com|9278 Velit C.|Barranca|39-419|P|Panama
|Isaac|Allison|nibh@loremluctusut.net|5485 Imperdiet Av.|San Francisco|7187|Heredia|Belgium
|Leroy|Sanford|montes.nascetur@nonquamPellentesque.com|7322 Rutrum C/|Puntarenas|82586|Puntarenas|Tokelau
|Armand|Leblanc|cursus@auctor.ca|4746 Feugiat Avenida|San Rafael|20602|Alajuela|Angola
|Brody|Becker|a.purus.Duis@noncursus.org|Apdo.:413-3331 Et Avenida|Guápiles|H1 0EG|Limón|Barbados
|Allistair|Robertson|luctus.et.ultrices@ultriciessem.net|5218 Ipsum. C/|San Francisco|7996|Heredia|Madagascar
|Cade|Solis|orci.in@mattisornare.ca|Apdo.:148-3405 Accumsan Avda.|Cartago|938985|C|Antigua and Barbuda
|Oleg|Gilliam|nibh@tempusnonlacinia.ca|4741 Scelerisque C/|Guápiles|50110|Limón|Mauritius
|Yasir|Rios|egestas@tortor.net|8911 Natoque Av.|Ulloa (Barrial)|6922|H|Haiti
|Hakeem|Bradshaw|semper@urnaNullamlobortis.co.uk|680-6695 Quisque |Ipís|9368|SJ|Zambia
|Quamar|Reid|at.sem@Vestibulumanteipsum.ca|Apartado núm.: 424, 9714 Ac C/|Quesada|46-702|Alajuela|Equatorial Guinea
|Zachery|England|amet@etnetus.edu|1839 Pellentesque Av.|Guápiles|26626|L|Jersey
|Cullen|Mccarthy|ultricies.ligula.Nullam@fringilla.edu|Apartado núm.: 568, 4538 Nunc C.|Heredia|68416|Heredia|Cameroon
|Igor|Santana|amet.metus.Aliquam@magnatellusfaucibus.edu|Apartado núm.: 329, 1043 Lacinia. C/|San Francisco|4238|H|Saint Lucia
|Barclay|Ramos|libero.mauris.aliquam@Aliquam.com|795-1888 Mi C/|Nicoya|862051|Guanacaste|Dominica
|Perry|Price|magna.a@Pellentesquehabitant.net|4703 Natoque Calle|Aguacaliente (San Francisco)|61417|Cartago|Finland
|Brent|Hicks|dui.nec@arcu.edu|Apdo.:569-2500 Mattis C.|Heredia|5243|H|Peru
|Wang|Bailey|augue.porttitor.interdum@sem.ca|Apartado núm.: 578, 2415 Nullam Avda.|Ulloa (Barrial)|11231|Heredia|Pitcairn Islands
|Demetrius|Hale|nunc.sed.pede@musAenean.org|791-4095 Ornare Avda.|Aguacaliente (San Francisco)|15491|C|Brunei
|Lunea|Griffin|nec.luctus.felis@amet.com|Apdo.:971-7899 Nibh Ctra.|San Rafael|35078|Alajuela|Zambia
|Yoko|Bauer|Morbi.accumsan.laoreet@nisiMauris.net|602-844 Lorem, Avenida|Carmen|7190|C|Tokelau
|Suki|Carr|parturient.montes@auctor.com|6908 Lectus, C.|Aguacaliente (San Francisco)|C2Y 2P3|C|Moldova
|Marcia|England|mauris.sagittis.placerat@erosProinultrices.org|701-4586 Est Ctra.|Cartago|02270|Cartago|Cameroon
|Keely|Melton|Donec.dignissim.magna@lobortisClass.org|476-1879 Neque Calle|Quesada|69667|A|United Kingdom (Great Britain)
|Adara|Elliott|augue.ut.lacus@Cras.net|866-2219 Erat C/|Barranca|242900|P|Czech Republic
|Martina|Frost|lorem@Fuscefermentumfermentum.edu|Apdo.:839-1922 Velit. |Nicoya|4576|Guanacaste|Slovakia
|Isabelle|Carter|montes.nascetur.ridiculus@lectusasollicitudin.org|Apartado núm.: 773, 4706 Ut, Carretera|Alajuela|20305|Alajuela|Nicaragua
|Vanna|Hodge|nec.leo.Morbi@vehiculaaliquetlibero.org|569-3641 Molestie Av.|Limón (Puerto Limón)|89249|Limón|Marshall Islands
|Sasha|Collins|cursus@semperegestasurna.co.uk|Apartado núm.: 504, 6220 Faucibus Avenida|San Rafael|851191|Cartago|British Indian Ocean Territory
|Hannah|Welch|fringilla.cursus.purus@lectus.ca|Apartado núm.: 312, 549 Risus. C/|Quesada|20018|Alajuela|Cook Islands
|Wendy|Michael|auctor@luctus.ca|9756 Odio Avenida|Heredia|36713|Heredia|Turkey
|Hedwig|Hodge|et@consequat.com|Apdo.:477-9812 Donec Carretera|Heredia|83-304|H|Vanuatu
|Dahlia|Merrill|et.netus.et@cursus.org|921-5771 Luctus. C/|Alajuela|8779|Alajuela|Antigua and Barbuda
|Veronica|Mitchell|Aliquam.adipiscing.lobortis@disparturient.co.uk|561 Turpis Av.|Nicoya|L3J 5A1|Guanacaste|Tajikistan
|Hedwig|Dodson|adipiscing.ligula@ac.net|778-4107 Dui. Ctra.|Limón (Puerto Limón)|490283|L|Martinique
|Miriam|Shaffer|mauris.elit.dictum@augueporttitor.co.uk|Apdo.:485-5376 Nibh. Ctra.|San Francisco|51076|Heredia|Kiribati
|Paloma|Aguirre|eleifend.egestas.Sed@necleo.edu|Apdo.:523-5283 Tristique Avda.|Siquirres|78285|L|Jersey
|Rhiannon|Cross|enim.Mauris.quis@aliquetdiamSed.edu|Apartado núm.: 163, 1766 Nisi Ctra.|San Vicente|3656|SJ|Liechtenstein
|Amelia|Vinson|nec@egetvarius.org|Apartado núm.: 346, 4814 Fermentum Avenida|San Diego|46829|C|Belarus
|Hollee|Mcmillan|mi.Aliquam@erateget.ca|Apartado núm.: 614, 3611 Est. C/|Alajuela|38-259|Alajuela|Zimbabwe
|Regan|Zimmerman|quis@inmagna.net|949-3489 Velit C/|Mercedes|FM79 9UK|Heredia|Barbados
|Jael|Martinez|euismod@quisurna.net|Apartado núm.: 228, 6743 Quis Avda.|San Felipe|4314PR|San José|Zambia
|Selma|Foley|Cras.dolor.dolor@Nunclaoreetlectus.net|652-2158 Sollicitudin Avda.|Guápiles|2379YE|Limón|Sweden
|Quintessa|Rollins|posuere.cubilia@cursus.com|736-4271 Tristique C.|San Francisco|850779|H|Anguilla
|Nevada|Solis|arcu.eu.odio@lacus.org|695-3246 Est Av.|San Nicolás|3917|C|Turkmenistan
|Kai|Lancaster|sit@enimMaurisquis.org|Apartado núm.: 777, 2406 Tristique Av.|San José de Alajuela|20208|Alajuela|Equatorial Guinea
|Jaime|Olson|malesuada.malesuada.Integer@congueelitsed.co.uk|Apartado núm.: 865, 1101 Non C/|San Antonio|UU3M 7TF|San José|Tokelau
|Risa|Booth|cursus.diam@enim.co.uk|563-5074 Fermentum |San Rafael|38807|Cartago|Macao
|Xyla|Wooten|neque.In.ornare@nibhdolornonummy.org|7782 Nibh. Av.|Cañas|4422|G|Tunisia
|Brenna|Goodman|sociis.natoque.penatibus@ipsumprimis.com|762-6095 Egestas C/|Curridabat|944289|SJ|Australia
|Shannon|Pope|amet@orciDonecnibh.net|2406 Pellentesque C.|Mercedes|41000|H|Israel
|Carly|Townsend|ad.litora@ipsumporta.co.uk|Apdo.:685-3857 Semper, Ctra.|Alajuela|21471|Alajuela|Saint Barthélemy
|Colette|Finley|diam@Aliquam.edu|Apartado núm.: 266, 8879 Pellentesque Avda.|Nicoya|22-112|G|Guernsey
|Jaquelyn|Sloan|tempor@ametmassa.ca|Apdo.:695-5169 Non, |San Francisco|68984|Heredia|Switzerland
|Iola|Todd|augue.porttitor.interdum@id.edu|Apartado núm.: 517, 7138 Vulputate |Carmen|526166|Cartago|Guinea-Bissau
|Miriam|Higgins|Nulla.aliquet.Proin@velnisl.net|619-6091 Integer Av.|Turrialba|3422DK|Cartago|Congo, the Democratic Republic of the
|Ori|Vaughn|ad@tellusSuspendissesed.com|6642 Penatibus Calle|Barranca|01-072|Puntarenas|United States
|Sacha|Coleman|Morbi@apurus.net|Apartado núm.: 535, 2728 Libero Calle|Siquirres|98711|L|Israel
|Adrienne|Ferguson|Curabitur.sed.tortor@cursus.org|Apartado núm.: 446, 3973 Fusce Av.|San Francisco|41474|H|Switzerland
|Nadine|Lara|sed.hendrerit.a@mus.co.uk|9251 Lectus. Av.|Guápiles|221112|L|Viet Nam
|Genevieve|Whitney|nisl@loremeget.ca|Apartado núm.: 372, 2872 Netus C.|San Felipe|9642|SJ|Solomon Islands
|Barbara|Bird|feugiat.placerat.velit@enimnec.com|Apdo.:682-931 Nulla Ctra.|Alajuela|73613|A|Kenya
|Ivory|Dillard|quam.Pellentesque.habitant@enimcommodo.org|927 Eleifend C.|Guápiles|99338|L|Hong Kong
|Bree|Le|consectetuer@ligulaNullam.com|493-9703 Sit Avda.|San Nicolás|263512|C|Mozambique
|Aphrodite|Washington|quis.urna.Nunc@atauctorullamcorper.net|Apartado núm.: 906, 3872 Semper |Liberia|13366|Guanacaste|Bosnia and Herzegovina
|Taylor|Coleman|massa@nondapibusrutrum.com|919-4206 Mauris |San Rafael|57171|Alajuela|Indonesia
|Allegra|Knox|Class.aptent@libero.edu|Apdo.:642-7439 Nec Av.|Liberia|38738-210|G|United States
|Hollee|Cardenas|quam.dignissim.pharetra@lobortistellus.net|Apdo.:941-531 Nisi Ctra.|Guápiles|41329-328|Limón|Hungary
|Shana|Hood|sapien@Sed.edu|1696 Tellus. |San Francisco|238846|Heredia|Brazil
|Francesca|Holden|sodales.purus@sollicitudin.co.uk|Apartado núm.: 220, 4970 Vivamus Ctra.|Quesada|8400|Alajuela|Greenland
|Sydnee|Mcmillan|ut@diam.co.uk|Apartado núm.: 996, 1017 Penatibus |Limón (Puerto Limón)|38507|Limón|New Caledonia
|Sigourney|Clements|penatibus@molestieorci.net|685-2009 Curabitur Avenida|Limón (Puerto Limón)|574818|Limón|Peru
|Jaquelyn|Solomon|Fusce.aliquet.magna@purus.net|2025 Sed |San José|12901|San José|Tunisia
|Leigh|Taylor|Aliquam.erat@Loremipsumdolor.com|Apdo.:503-6567 Sed Av.|Quesada|1784|Alajuela|Moldova
|Christine|Hill|Vestibulum@Sedeu.edu|Apdo.:524-7140 Velit Avenida|Tejar|30611|C|Maldives
|Hedwig|Hardy|non.hendrerit@ipsum.ca|Apartado núm.: 262, 4097 Ut Av.|Limón (Puerto Limón)|43368|L|Israel
|Beverly|Weeks|nibh@eunulla.edu|7420 Semper Ctra.|San Francisco|T9V 6W6|H|Bulgaria
|Madeline|Kirby|libero.at@faucibus.ca|808-8583 Phasellus Av.|Liberia|91961|Guanacaste|Andorra
|Yolanda|Abbott|vel@risusQuisque.co.uk|Apdo.:953-3846 Lectus C/|Puntarenas|223753|P|Uruguay
|Kaye|Stewart|ullamcorper@ornareplaceratorci.edu|Apartado núm.: 824, 9286 Morbi C.|San Rafael|22223-732|Alajuela|Honduras
|Sydnee|Manning|nulla@eudui.com|Apdo.:670-1222 Tellus Avda.|Nicoya|59022|G|Croatia
|Angela|Bennett|turpis.Nulla.aliquet@luctussitamet.co.uk|3132 Massa C/|Desamparados|3900|San José|Kiribati
|Quemby|Meyers|sapien.Aenean@odioauctorvitae.co.uk|Apartado núm.: 895, 4778 Mollis Calle|San Rafael|21601|Alajuela|Trinidad and Tobago
|Illana|Best|nec.tellus.Nunc@auctornon.edu|2795 Tempor Calle|Paraíso|44352|Cartago|Cambodia
|Cameron|Mccoy|sed.tortor@nuncac.org|181-3534 Dignissim Avenida|San Rafael|86968|Cartago|Uzbekistan
|Bree|Wilkerson|auctor@musDonec.com|8755 Lacus. C/|Ulloa (Barrial)|5660|Heredia|Tuvalu
|Quail|Davidson|tellus.faucibus.leo@consequatdolorvitae.net|Apartado núm.: 734, 1036 Non Ctra.|San Diego|382783|C|Ireland
|Blaine|Evans|dapibus@imperdiet.com|Apdo.:668-911 Non, C.|Barranca|92810|Puntarenas|Aruba
|Justine|Graves|sagittis@eunibhvulputate.co.uk|Apdo.:433-7595 Montes, Av.|San Diego|4398KO|C|Georgia
|Miriam|Garrison|pharetra.ut@natoque.co.uk|7909 Elit Avenida|San Pablo|R1R 4G3|Heredia|Nicaragua
|Chloe|Herrera|eu.odio.Phasellus@vehicula.org|Apartado núm.: 734, 5962 Orci. |Cañas|554559|Guanacaste|British Indian Ocean Territory
|Kylynn|Keith|pretium@Sed.org|600-3560 Risus. Avenida|Barranca|9080NJ|P|Antarctica
|Lysandra|Hardin|Integer.aliquam@uterosnon.com|6846 Duis Av.|Nicoya|55954|Guanacaste|South Africa
|Dawn|Marquez|eget.massa.Suspendisse@cursus.edu|688-5998 Adipiscing |Alajuelita|97019|San José|Nigeria
|Inez|Rodriquez|dolor@augue.ca|Apartado núm.: 298, 1832 Facilisis Avda.|Paraíso|378209|C|Mozambique
|Maggy|Buckley|Aliquam@Utnecurna.ca|Apdo.:226-9521 Leo. C.|San Antonio|J7N 0R8|SJ|Czech Republic
|Evangeline|Berger|massa@pede.net|Apartado núm.: 460, 9792 Consequat Ctra.|San Nicolás|097341|Cartago|Sao Tome and Principe
|Ava|French|Cras.interdum.Nunc@esttemporbibendum.com|Apartado núm.: 889, 1775 Nunc C/|San Vicente|12510|SJ|Montserrat
|Charity|Garrett|convallis.convallis@quis.ca|929 Sit Av.|Alajuela|59549|A|Panama
|Aurelia|Watson|nibh.vulputate.mauris@sitamet.net|167-7039 Sem Calle|Limón (Puerto Limón)|20134|Limón|Turkey
|Kessie|Good|ipsum@malesuadavel.ca|Apdo.:370-9753 Scelerisque Calle|Barranca|07988|P|Malta
|Phoebe|Bender|nec.orci.Donec@semperdui.org|9192 Ante. C.|Barranca|37209|Puntarenas|Saint Martin
|Winifred|Ochoa|non.dui.nec@infelisNulla.com|623-6933 Ornare Av.|Barranca|1285|Puntarenas|Saint Vincent and The Grenadines
|Idola|Moore|diam.vel.arcu@justo.org|6293 Et Calle|Liberia|06934|Guanacaste|Turkmenistan
|Cassady|Wynn|ante.dictum.cursus@nequesed.net|Apartado núm.: 850, 5441 Tellus, C.|San Francisco|18005|H|Bosnia and Herzegovina
|Kirestin|Guy|primis.in@pedeCum.edu|185-9449 Bibendum Avenida|San Nicolás|66-069|Cartago|Reunion
|Donna|Buck|nec.orci.Donec@Duiselementumdui.com|Apdo.:809-5558 Eu, |Alajuela|4596|A|Nicaragua
|Vivien|Bruce|et.tristique@eu.net|1146 Feugiat Calle|San Pablo|64904|H|Gambia
|Kelsie|Mcgowan|posuere.vulputate.lacus@commodo.edu|Apdo.:936-3176 Sapien. Carretera|Desamparados|606398|San José|Colombia
|Catherine|Yates|parturient.montes.nascetur@mauris.org|Apdo.:524-560 At, C.|San Rafael|24997|A|French Southern Territories
|Brenda|Sanchez|sagittis.semper.Nam@urnaetarcu.co.uk|Apartado núm.: 275, 9947 Etiam Avda.|Siquirres|100387|Limón|Bahrain
|Teagan|Hoover|Nunc@nuncinterdum.edu|Apartado núm.: 936, 671 Ut C.|Aguacaliente (San Francisco)|30711|C|Saint Kitts and Nevis
|Latifah|Whitley|malesuada.fringilla.est@neque.edu|Apdo.:250-3451 Imperdiet Avenida|Paraíso|9262|C|Gambia
|Gretchen|Stone|dui@magnaseddui.co.uk|8503 Vestibulum Av.|Puntarenas|74094|Puntarenas|Paraguay
|Melinda|Chang|magnis.dis.parturient@duiCumsociis.ca|2330 Sit Carretera|San Isidro de El General|I0X 4IT|SJ|Uzbekistan
|Ocean|Odonnell|dui.augue.eu@nunc.net|8932 Vestibulum C.|Ulloa (Barrial)|4765JT|H|Wallis and Futuna
|Candice|Cobb|eros.nec.tellus@Loremipsumdolor.ca|341-4943 Donec Avenida|Cañas|10902|Guanacaste|Yemen
|Eugenia|Duncan|eu.lacus@amifringilla.net|Apartado núm.: 319, 8628 Posuere Calle|San Rafael|20719|A|Northern Mariana Islands
|Aretha|Watts|enim@Aeneaneuismod.edu|Apartado núm.: 601, 6267 Semper Carretera|San Rafael|8754|A|Greece
|Elvis|Parrish|magna@iaculisquis.net|Apartado núm.: 285, 2961 Purus |Putre|9581|XV|Åland Islands
|Cruz|Thomas|imperdiet@tellusAenean.org|193-9095 Praesent Calle|Coinco|31117|VI|Tuvalu
|Mason|Lane|eu@egetvarius.org|813-5207 Sem, Carretera|Casablanca|00604|Valparaíso|Saint Martin
|Inga|Gallegos|augue.scelerisque.mollis@sed.edu|Apdo.:739-3421 Ligula Ctra.|Chaitén|6138|Los Lagos|Viet Nam
|Skyler|Cardenas|quam.a@Praesenteu.ca|7155 Molestie. Avda.|Loncoche|86766|Araucanía|Saint Helena, Ascension and Tristan da Cunha
|Ali|Lyons|diam.luctus@aclibero.net|360-9730 Nulla |Sierra Gorda|1141TK|II|Mexico
|Donovan|Church|ornare.Fusce.mollis@ametmetus.com|Apdo.:573-3672 Purus Ctra.|Tortel|86-104|XIV|United Kingdom (Great Britain)
|Kylan|Lewis|a.facilisis.non@cursuset.edu|787-3154 Lectus Avenida|Palena|2077|X|Saint Kitts and Nevis
|Marcia|Mueller|egestas.a@ipsum.net|917-8652 Et, |Yumbel|25355|Biobío|Maldives
|Daphne|Mueller|magna@sociisnatoque.net|8792 Felis Ctra.|Antofagasta|78241-422|Antofagasta|Uzbekistan
|Simon|Sawyer|facilisis.eget.ipsum@urnajusto.edu|300-7367 Massa C.|Cobquecura|206471|Biobío|Puerto Rico
|Elaine|Benton|Suspendisse@vulputate.ca|2389 Et C.|Rengo|2353|VI|Thailand
|Melanie|Strong|eu@risusNulla.edu|Apartado núm.: 947, 2431 Enim Avda.|Los Ángeles|40690|Biobío|Ukraine
|Martha|Wiley|odio.Aliquam@cursus.org|318-8178 Amet Av.|Lanco|270425|XIV|Gambia
|Jarrod|Christensen|feugiat@Duisrisusodio.net|277-1505 Hendrerit C.|Los Ángeles|644540|Biobío|Åland Islands
|Timothy|Bush|Cras.pellentesque@Donecluctus.ca|501-4231 Quisque C.|Cabrero|72839|VII|Bangladesh
|Gisela|Bryan|magna.sed.dui@accumsan.net|5263 Augue Ctra.|Antofagasta|80756|Antofagasta|Aruba
|Anika|Martinez|Ut.sagittis.lobortis@mi.ca|3468 Sollicitudin C.|Putre|0150UJ|Arica y Parinacota|Turks and Caicos Islands
|Trevor|Henderson|tristique.ac.eleifend@sociisnatoquepenatibus.org|Apdo.:972-6712 Vivamus |Camarones|57358|Arica y Parinacota|Kiribati
|Yetta|Hansen|pede.sagittis@mollisInteger.ca|Apartado núm.: 135, 3000 Viverra. |Putre|73944|Arica y Parinacota|Equatorial Guinea
|Leah|Mcintosh|gravida@Integeraliquam.edu|Apdo.:889-3334 Ut, C.|Llanquihue|90840|X|Somalia
|Zelda|Medina|eleifend@dignissim.ca|Apartado núm.: 356, 3623 Ut Avda.|Quinta de Tilcoco|S9C 5S9|O'Higgins|Finland
|Steven|Hoover|lorem.fringilla@tinciduntpede.edu|Apdo.:818-8989 Sagittis. |Corral|32546|XIV|Latvia
|Claudia|Simmons|congue@feugiat.ca|4094 Fusce Calle|Purén|985005|IX|Mongolia
|Yvette|Pope|pede.blandit@elementumpurus.ca|689-1316 Sapien |Graneros|919158|O'Higgins|Mexico
|Charde|Powers|non@dictum.net|4719 Sed Avenida|Lonquimay|368150|Araucanía|Fiji
|Kellie|Herrera|nibh.lacinia.orci@Cras.edu|Apdo.:448-5109 Molestie Carretera|Monte Patria|32483|IV|Jamaica
|Idona|Franks|libero.Proin.sed@semper.org|Apdo.:555-5427 Adipiscing |Iquique|31207|I|Montserrat
|Deborah|Brown|feugiat@felis.com|460-9186 Nec Ctra.|Requínoa|61413|VI|Brazil
|Vivien|Knowles|diam.lorem.auctor@pellentesque.ca|4858 Fermentum Carretera|Puerto Octay|9966|Los Lagos|Namibia
|Berk|Park|at.iaculis.quis@sem.net|4456 Non C/|Puqueldón|84766|X|Afghanistan
|Avram|Mercer|arcu@Morbi.com|Apartado núm.: 686, 5491 Aliquam Carretera|General Lagos|S17 4RG|Arica y Parinacota|Isle of Man
|Vivien|Gregory|ridiculus.mus.Proin@nulla.edu|Apartado núm.: 952, 1444 A, Avenida|Sierra Gorda|39570|II|Saudi Arabia
|Jamalia|Perez|elit.erat@Curabitursedtortor.net|826-9655 Rutrum C.|Cabildo|3681YM|Valparaíso|Bhutan
|Vladimir|Wise|arcu.Sed@dolorsitamet.co.uk|Apdo.:213-3335 Diam C/|Codegua|20312-016|O'Higgins|Nigeria
|Quinn|Hicks|semper.dui@arcu.edu|842-1553 Natoque Av.|San José de Maipo|61513|RM|Libya
|Blaze|Welch|massa.Mauris.vestibulum@purusMaecenaslibero.co.uk|8258 Nam C/|La Serena|637761|Coquimbo|Saint Vincent and The Grenadines
|Martina|Hodge|euismod.ac@magna.net|Apdo.:382-108 Libero Calle|General Lagos|35295|XV|Bhutan
|Leonard|Gates|vulputate@dui.org|Apdo.:937-1080 Nunc Calle|Tortel|RE22 4GN|XIV|Bhutan
|Maile|Harmon|nec@Cras.net|Apdo.:528-2439 Dolor Avenida|Tocopilla|7940|II|Viet Nam
|Cassandra|Park|at.velit@necmetus.ca|330-2071 Quam, Calle|San José de Maipo|4774|RM|Congo (Brazzaville)
|Kyla|Goodwin|sapien.Aenean@Crassed.net|Apdo.:939-9390 Aliquet Carretera|Tocopilla|724088|II|Syria
|Pandora|Knox|tristique.aliquet@tellusjustosit.co.uk|Apdo.:439-3200 Metus. C.|Río Claro|1534|Maule|Peru
|Rhonda|Cantrell|primis.in.faucibus@et.net|281-4917 Urna C.|Arica|41512|Arica y Parinacota|French Polynesia
|Ifeoma|Holland|pharetra.Quisque.ac@molestie.co.uk|3113 Ridiculus Avenida|Río Ibáñez|11191|XIV|Brunei
|Tasha|Butler|mi@Phasellusin.edu|Apdo.:105-6314 Id |Lago Verde|470168|XIV|Andorra
|Ishmael|Walton|venenatis@mitemporlorem.org|Apdo.:989-4090 Lorem, Ctra.|La Higuera|8236GO|Coquimbo|Ukraine
|Brynne|Becker|eu@risusMorbimetus.org|8706 In C/|Padre Hurtado|828762|Metropolitana de Santiago|United States
|Fritz|Chapman|adipiscing@commodoatlibero.ca|2772 Tincidunt C.|Huara|81498-146|I|Côte D'Ivoire (Ivory Coast)
|Drake|Beck|lacus.Etiam.bibendum@vestibulumMaurismagna.net|Apartado núm.: 773, 1142 Neque Avda.|Maule|496445|VII|Kuwait
|Murphy|Davenport|In@amifringilla.edu|Apdo.:129-3715 Nec C.|Huasco|O90 9AZ|III|Curaçao
|Ahmed|Blackwell|nec.euismod@ut.ca|425-9141 Ullamcorper. Av.|Antártica|9074EP|XII|Antarctica
|Robin|Chaney|purus@orci.ca|222-7984 Nisl. Calle|Cauquenes|06810|Maule|Ukraine
|Alvin|Stanley|enim@Cumsociisnatoque.co.uk|633-1391 Aenean Ctra.|Purranque|40894-493|Los Lagos|Saint Martin
|Blaine|Patterson|in.magna.Phasellus@malesuadavel.edu|Apdo.:474-536 Praesent Ctra.|Frutillar|12435|Los Lagos|Montserrat
|Elijah|Brooks|ultrices@duiFuscealiquam.org|Apartado núm.: 909, 9001 Mauris Carretera|Arica|9043|Arica y Parinacota|Germany
|Vaughan|Fitzpatrick|metus.Aenean.sed@lectussitamet.edu|Apdo.:638-6533 Non Avenida|Putre|360905|Arica y Parinacota|Guyana
|Nero|Wolf|Cras.dictum@aliquetProin.ca|7815 Aliquam Carretera|Antofagasta|74712|II|Malaysia
|Zane|Nielsen|gravida.Praesent@ultricesposuerecubilia.com|9240 Adipiscing C/|Los Vilos|72249|IV|Nauru
|Deacon|Montoya|in.felis@posuere.net|4344 Nulla C.|Máfil|17-721|XIV|Maldives
|Veronica|Jimenez|lobortis@amet.edu|Apartado núm.: 450, 6217 Conubia Avenida|Vichuquén|9990|VII|Maldives
|Priscilla|Patterson|turpis@justoPraesentluctus.net|191-9678 Dictum Avda.|Ovalle|63995|Coquimbo|Italy
|Kaitlin|Leon|ut.pharetra@ipsumdolor.net|994-1869 Orci C.|Laguna Blanca|9000|Magallanes y Antártica Chilena|Grenada
|Indira|Holcomb|blandit.mattis@pellentesqueSeddictum.net|Apartado núm.: 506, 8184 Ut Calle|Los Vilos|8073|IV|Aruba
|Shoshana|Mullins|ultricies.adipiscing.enim@dolorsitamet.co.uk|291-7644 Amet C/|San Juan de la Costa|54758|Los Lagos|Åland Islands
|Graiden|Dale|ante.Maecenas@Curabiturvellectus.org|9756 Morbi Carretera|Tirúa|4227II|Biobío|Slovakia
|Rashad|Merrill|semper.egestas.urna@arcuVestibulumante.ca|2403 Lacus. Calle|Tortel|896976|XIV|Gibraltar
|Hall|Daniel|Proin@non.ca|5147 Et Av.|Combarbalá|225638|Coquimbo|South Africa
|Guinevere|Cote|tellus@nuncacmattis.edu|Apartado núm.: 744, 6940 Ut, Carretera|Calama|P0J 4L1|II|Lesotho
|Castor|Clark|urna.Nunc@Maurisutquam.co.uk|6619 Imperdiet Av.|Pica|14863|I|Nauru
|Abdul|Wooten|Lorem.ipsum.dolor@diam.org|766-3994 Metus Ctra.|Mejillones|TJ8E 8WE|II|Bulgaria
|Rooney|Jennings|sagittis.lobortis@lectusNullamsuscipit.ca|Apdo.:492-9699 Interdum. Ctra.|Santa Juana|4975|VII|Guatemala
|Echo|Peck|id@Fusce.com|Apartado núm.: 572, 8121 Purus, |La Unión|483848|Los Ríos|Japan
|Elaine|Horne|mauris.id@Maurisnulla.org|Apdo.:197-6739 Urna Carretera|Llanquihue|Q02 9WN|X|Bahamas
|Ezra|Hyde|non.enim@placeratCrasdictum.edu|Apartado núm.: 606, 7935 Nullam Av.|Tierra Amarilla|52039|Atacama|Turkmenistan
|Drake|Lyons|Curabitur@nequeNullam.ca|Apartado núm.: 573, 6128 Tincidunt, Ctra.|Laja|38656|Biobío|Bouvet Island
|Germaine|Buckley|vestibulum.neque@sedconsequatauctor.edu|223-3309 Habitant Ctra.|Lanco|87145|XIV|Greece
|Graiden|Lucas|nec.ante@semmolestiesodales.ca|Apartado núm.: 520, 7297 Tellus Av.|Olivar|574402|VI|Latvia
|Emery|Petty|tempor.bibendum.Donec@laciniaatiaculis.org|Apartado núm.: 175, 8163 Augue C/|Los Álamos|31110|Biobío|Guatemala
|Ashton|Pitts|ipsum.leo.elementum@Suspendissecommodotincidunt.edu|Apdo.:526-6095 Turpis Calle|Camarones|9202|Arica y Parinacota|Belize
|Carter|Caldwell|amet@neccursusa.edu|Apartado núm.: 442, 4853 Congue, Calle|Camiña|57653-482|Tarapacá|Bahrain
|Katell|Ashley|urna@elementumat.com|390-4680 Volutpat Avenida|Antofagasta|2357|II|Benin
|Pearl|Williamson|elementum.lorem@eueuismodac.edu|Apartado núm.: 296, 7406 Non, C/|Los Andes|457080|V|Grenada
|Libby|Robbins|mi@metusurna.ca|Apdo.:783-1040 Urna, C.|San José de Maipo|99-235|Metropolitana de Santiago|Puerto Rico
|Lilah|Wiggins|Donec.at@commodo.edu|Apdo.:207-8003 Vivamus Carretera|San Rafael|57460|VII|Burundi
|Duncan|Arnold|nulla.vulputate.dui@liberoInteger.com|Apdo.:185-9361 Sed Av.|Zapallar|2789|V|Taiwan
|Connor|Cummings|tempor.arcu@molestiedapibusligula.net|Apartado núm.: 299, 2846 Donec C/|Nueva Imperial|11758-776|Araucanía|Bahamas
|Quyn|Kemp|non.arcu@aodiosemper.org|Apdo.:643-570 Laoreet Avenida|Lanco|R2P 2V2|Los Ríos|Sweden
|Zenia|Boyd|nulla@risus.net|122-4371 Massa Calle|La Higuera|88135|Coquimbo|Somalia
|Hakeem|Blanchard|nec.imperdiet@elitpellentesque.co.uk|Apdo.:807-4707 Augue. Avenida|Mejillones|62221|II|Zimbabwe
|Nero|Rocha|dolor.quam@parturientmontes.co.uk|Apdo.:588-3048 Imperdiet Calle|San Gregorio|41148|Magallanes y Antártica Chilena|Kiribati
|Bruno|Dudley|ornare.lectus.justo@Pellentesquehabitant.ca|6615 Tincidunt Avda.|Petorca|41518|Valparaíso|Lithuania
|Wyatt|Nolan|eu.tempor@Vestibulumut.edu|816-9733 Eu Avda.|Pemuco|9377|Biobío|Algeria
|Kristen|Head|eros.Proin@vulputateduinec.net|Apdo.:398-7401 Non Calle|Curaco de Vélez|9134|X|Canada
|Irma|Puckett|luctus.vulputate.nisi@maurisrhoncus.ca|Apartado núm.: 683, 4131 Ipsum Carretera|Punta Arenas|29072|Magallanes y Antártica Chilena|Maldives
|Isabella|Wynn|ac.tellus.Suspendisse@duiaugueeu.net|Apartado núm.: 691, 6171 Dictum Avenida|Camarones|B1P 6H3|Arica y Parinacota|Portugal
|Yoko|Rollins|Fusce@sociisnatoque.net|Apdo.:332-2487 Nec C.|Paredones|5991|VI|Oman
|Vanna|Robbins|Nulla@feugiattelluslorem.com|4707 Fringilla |Osorno|5715WY|X|Jamaica
|Libby|Riley|adipiscing.enim.mi@ametnulla.net|Apdo.:257-3812 Donec Avda.|Curacaví|7557|RM|Argentina
|Courtney|Lara|Proin.mi@gravida.net|2416 Eu Ctra.|La Unión|41435|XIV|Estonia